Title Number,Title Name
Title 1,PROBLEM OF THE DAY : 19/02/2024 | Game with String
Title 2,PROBLEM OF THE DAY : 18/02/2024 | Sum of leaf nodes in BST
Title 3,PROBLEM OF THE DAY : 17/02/2024 | Does array represent Heap
Title 4,PROBLEM OF THE DAY : 16/02/2024 | Flatten BST to sorted list
Title 5,10 Best Programming Languages to Learn in 2024
Title 6,PROBLEM OF THE DAY : 15/02/2024 | Find all Critical Connections in the Graph
Title 7,PROBLEM OF THE DAY : 14/02/2024 | Find all Critical Connections in the Graph
Title 8,PROBLEM OF THE DAY : 13/02/2024 | Clone an Undirected Graph
Title 9,PROBLEM OF THE DAY : 12/02/2024 | Recursive sequence
Title 10,PROBLEM OF THE DAY : 11/2/2024 | Recamans sequence
Title 11,"
What is the Capital of Telangana?
            
"
Title 12,"
How to Handle a java.lang.ArithmeticException in Java?
            
"
Title 13,"
Cube Root Function
            
"
Title 14,"
Cos (a – b)
            
"
Title 15,"
LCM of 9 and 12
            
"
Title 16,"
LCM of 6 and 9
            
"
Title 17,"
How To Docker SetUp  Three Architecture Setup ?
            
"
Title 18,"
Cube Root of 343
            
"
Title 19,"
What is Masked Aadhaar Card?
            
"
Title 20,"
Automated Clearing House (ACH) Transfer : Work, Types, Benefits & Drawbacks
            
"
Title 21,"
What is the goal of High-Level Design(HLD)?
            
"
Title 22,"
Reliability vs Availability: What’s The Difference?
            
"
Title 23,"
How to Delete Paytm Bank Account?
            
"
Title 24,"
How to identify functional requirements?
            
"
Title 25,"
How to Find the Size of a Set in Bytes in C++?
            
"
